{"cameraMode":{"drawMode":0,"name":"Shaded","section":"Shading Mode"},"sceneLighting":true,"audioPlay":false,"sceneViewState":{"m_AlwaysRefresh":false,"showFog":true,"showSkybox":true,"showFlares":true,"showImageEffects":true,"showParticleSystems":true,"showVisualEffectGraphs":true,"m_FxEnabled":true},"in2DMode":false,"pivot":{"x":953.0455932617188,"y":415.61962890625,"z":-149.80043029785157},"rotation":{"x":0.024295054376125337,"y":-0.03149184584617615,"z":0.000764857220929116,"w":0.9992220997810364},"size":85.25818634033203,"orthographic":true}